NO;NO;NO;s_2;s_3;s_4;s_45;s_5;s_6;s_7;s_8;s_9;s_10;s_11;s_12;s_13;s_14;s_15;s_46_1;s_46_2;s_46_3;s_46_4;s_16;s_17;s_50;s_18;s_19;s_20;s_21;s_48;s_22;s_23;s_51;s_24;s_25;s_26;s_27;s_47;s_28;s_29;s_52;s_30;s_31;s_32;s_33;s_35;s_36_1;s_36_2;s_36_3;s_36_4;s_36_5;s_37_1;s_37_2;s_37_3;s_38;s_39;s_40;s_41_1;s_41_2;s_41_3;s_41_4;s_41_5;s_41_6;s_41_7;s_49_1;s_49_2;s_49_3;s_49_4;s_49_5;s_49_6;s_42;s_43_1;s_43_2;s_43_3;s_44;email;stato_1;stato_2;stato_3;stato_4;stato_5
23;23;23;"<p>Open Science is a paradigm, within which scientists, academies, institutions, agencies, and students share their research ideas, progress, methods, analysis, results, and data openly, freely, and without reservation. Open Science enables us as a society to push science forward, building on each other and with each other to reach scientific breakthroughs more efficiently and that would otherwise be unattainable through individual effort.&nbsp;</p>";3;3;3;2;4;3;3;4;4;4;;"<p>Monetary support for publishing costs associated with open access journals. Previous research advisors that did not allow me to share data freely.&nbsp;</p>";"<p>Other scientists that have shared their open science as a model for my behavior. Increasingly stable data repositories with DOIs for sharing analysis code and data.&nbsp;</p>";<p>Invited to speak</p>;1;1;1;0;5;4;5;4;5;5;5;;3;4;4;4;5;4;4;;4;5;5;5;5;5;5;;1;0;0;0;0;0;0;1;6;3;2015;1;1;1;0;0;0;0;1;1;0;0;0;0;female;1;0;0;2;;0;0;0;1;0
90;90;90;<p>Reproducable, transparent</p>;4;3;3;3;5;3;2;5;2;3;;<p>Time</p>;<p>Motivation</p>;<p>Co-hosting</p>;1;1;1;0;4;4;4;4;4;4;4;;4;4;4;4;4;4;4;<p>X</p>;4;4;4;4;4;4;4;<p>X</p>;1;0;0;0;0;1;0;0;6;3;2005;1;1;1;1;0;1;1;1;1;0;1;1;1;male;1;1;1;1;;0;0;0;1;0
63;63;63;"<p>Open science is transparent and repeatable. In&nbsp;ecology there is a particular need for data sharing, i.e. giving colleagues access to raw data for repeating analyses and/or applying alternative methods to extract information from the empirical data.</p>";2;1;2;1;2;3;1;4;2;3;;<p>Lack of skills in available tools</p>;<p>Being forced by journals to publish datasets</p>;<p>Improve my skills in open science and enable my organization to take part in open science initiatives.</p>;1;0;1;0;4;3;5;4;4;5;5;;;;;;;;;;4;3;5;4;5;5;5;;0;1;0;0;0;1;0;0;5;3;2007;0;0;0;1;0;1;0;1;0;1;1;1;0;Male;1;1;1;1;;0;0;0;1;0
76;76;76;<p>Trying to make the process of science open and accessible. At the limit, it gets as far as using open notebooks, but more usually is about being open after you have done your work in secrecy.</p>;4;4;5;5;5;3;3;5;2;3;;<p>Developing a fully open workflow.</p>;"<p>Tools such as Dryad and GitHub (despite Git&#39;s best efforts)</p>";<p>Erlend told me I had to come.</p>;1;1;1;0;5;5;5;3;3;4;4;"<p>I&#39;m a statistician, so I have to parasitise proper scientists. It&#39;s so much easier when they are open.</p>";4;4;3;2;2;2;2;;5;4;5;3;4;4;4;;1;0;0;0;0;1;0;0;6;3;1996;1;1;0;1;1;0;0;1;0;0;0;0;0;Male;1;1;1;1;;0;0;0;1;0
21;21;21;<p>- open sharing of data according to FAIR standards</p><p>- sharing of code/analyses/methodology</p><p>- open access (nothing behind paywalls)</p><p>- use of non-proprietary software/equipment</p><p>- transparency from start to end of project, e.g. preregistration</p><p>- more effective, equitable, complete synthesis of research</p>;2;2;2;2;5;2;5;5;2;4;"For many of these, I answered ""Rarely"" because I do the activity as a whole rarely, not because I've used open science practices a small proportion of the times I've done the activity. For example, I've shared the data for all papers I've published so far, but at this career stage I've only averaged 1 paper/year--so I had to select ""rarely"" even though it's been my normal practice every time I've published.";<p>- lack of familiarity with relevant online platforms, software, methods</p><p>- perception that the landscape of the above tools changes very quickly, and keeping up is a big time commitment</p><p>- fear of doing it wrong</p>;<p>- discussions among supervisors and colleagues</p><p>- training in relevant tools and methods</p><p>- journal requirements</p><p>- increasing perception that it is good for career development/CV/funding</p>;<p>- learn more about current best practices in data sharing and integration</p>;1;1;0;0;3;3;2;3;3;4;4;;1;1;1;1;3;3;3;;;;;;;;;;1;0;0;0;0;1;0;0;3;4;2017;1;1;0;1;0;1;0;1;1;0;0;1;0;female;1;1;1;1;;0;0;0;1;0
102;102;102;;;;;;;;;;;;;;;;;;;;;;;;;;;;;;;;;;;;;;;;;;;;;;;;;;;;;;;;;;;;;;;;;;;;;;;;;;;;;;
10;10;10;<p>To me, Open Science means operating in a transparent manner. This could include making data and code available, facilitating research that might not involve yourself (which could be accomplished by making data and code available) and being open to working collaboratively to accomplish a common goal.</p>;3;5;3;4;5;2;3;4;3;3;;<p>Lack on incentives</p><p>Extra work required</p>;"<p>The satisfaction that these efforts truly contribute to the success of the larger scientific community. Knowing that I have benefited from the resources provided by others and I have an obligation to &#39;pay it forward&#39;.</p>";<p>To learn more about what other are doing to facilitate Open Science and how I could be more involved in the Open Science community.</p>;1;0;1;0;4;5;5;3;3;4;5;;;;;;;;;;4;5;4;3;3;5;5;;1;0;0;0;0;0;0;1;4;3;2018;0;0;1;0;0;0;1;1;1;0;0;1;0;Male;1;1;0;2;;0;0;0;1;0
36;36;36;"<p>Open Science &gt; Open Data &gt; FAIR data. Open Science is closely related to reproducible science including open algorithms, open-source code, documented data transformation routines, open access to data, and persistent identifiers for data and more so that components are identifiable and possible to refer to and access.</p>";5;4;3;5;5;3;4;4;3;4;;"<p>[Reluctance from other people - who hold&nbsp;the data]</p>";<p>Guidelines and best practices. Use case stories that demonstrate the benefits from participating/contributing. International standards.</p>;<p>Promoting Open Science is a fundamental principle and purpose of GBIF</p>;1;1;1;0;4;4;4;4;4;5;5;;5;3;4;3;5;5;4;;5;4;3;3;4;5;4;;1;0;0;0;0;1;1;1;7;3;2011;0;1;0;0;0;1;1;0;1;0;1;1;0;Male;1;1;1;1;;0;0;0;1;0
93;93;93;"<p>Open science to me is a combination of open (publicly available) data, as well as openness about methodologies (research methods, statistical analysis scripts, etc.). In my work field, we use the FAIR principle as guideline, which I think encompasses most of the aspects core to open science. In our education, we work on incorporating open science and training around data management and sharing for our students.&nbsp;</p>";3;1;3;2;4;3;3;5;2;3;;"<p>Especially earlier in my career: lack of knowledge / awareness around the concepts of it, and lack of training in how to use and make available data and practices.&nbsp;</p>";<p>guidance from supervisors and coworkers, increasing awareness about the opportunities that allow sharing and using data, protocols, etc.</p>;<p>I work with several projects relying on the collection and usage of multiple (open) data sources and protocols. Most of these projects are also actively engaged in making this public information more accessible and interoperable.</p>;1;1;0;0;4;4;4;4;4;4;4;;1;1;3;4;4;2;2;;;;;;;;;;1;0;0;0;0;1;0;0;7;3;2017;1;0;0;0;0;1;0;1;1;0;1;1;0;Female;1;1;1;2;;0;0;0;1;0
66;66;66;<p>I do not really have a definition. but in my understanding/interpretation/subjective perception open science is transparant and accessible. Open science I can find and access, and I can see where it comes from i.e. how the poeice of science has developed and been produced.</p>;2;2;2;3;3;2;6;4;1;2;;"<p>sharing data can be an issue - need time to document sufficiently so it&#39;s useful for others, also like to &quot;control&quot; access/use of data in terms of wanting to be of help when starting to work with data so can provide support for approriate handling and interpretation (not all intricacies of the data set can be easily explained in the metadata),</p><p>open access publishing fees could be an issue (depending on current funding)</p>";<p>not sure...</p>;<p>partly work related - I work at a biodiversity infrastaructure with largely open data and trying top adhere to FAIR, I have also been at the previous LivingNorway coloquium, but I am also gennerally interested in accessible science and supporting students in data management and open science</p>;1;1;1;0;4;5;5;5;5;5;5;;3;5;5;5;5;5;5;;3;5;5;5;5;5;5;;1;0;0;0;0;0;1;0;5;3;2007;1;0;0;1;1;1;0;1;1;0;0;1;0;F;1;0;1;2;;0;0;0;1;0
92;92;92;<p>Fully transparent, reproducable, free to access, digitally enabled and free from national, gender and other stereotypes</p>;4;2;3;5;2;3;3;5;3;5;;"<p>Work with older generation, highly competitive, well funded researcher who &quot;know the way&quot;</p>";<p>TDWG and GBIF</p>;<p>Presentations by Dag and Anders</p>;1;1;1;0;5;4;5;5;4;5;5;;4;2;4;3;4;3;3;;4;2;4;5;3;4;4;;0;0;0;0;1;0;1;1;7;3;2009;0;1;0;1;0;1;0;1;1;1;1;1;0;Male;1;1;1;2;;0;0;0;1;0
58;58;58;"<p>Open Science means making some (or preferably all)&nbsp;stages of the scientific workflow transparent and visible to readers, including planning documents or a protocol and the data and code used for analysis.&nbsp;</p>";3;3;3;2;4;2;3;3;1;4;;"<p>Lack of funding to make papers Open Access</p><p>Not wanting to share garbage code</p><p>&nbsp;</p>";<p>Community and peers who engage in Open Science</p><p>Twitter</p>;<p>Learning more about current thinking on Open Science and how to make my research more open</p>;1;1;0;0;4;5;5;2;3;4;4;;3;3;2;2;2;2;2;;;;;;;;;;1;0;0;0;0;0;0;1;3;2;2013;1;0;1;0;0;1;0;1;1;0;1;0;0;Woman;1;1;1;2;;0;0;0;1;0
69;69;69;<p>Publically available and standardized data.</p>;2;2;3;5;3;3;4;5;1;4;;<p>Time - it is time consuming and costly to make my data open and available if it is not requred component of my project.</p>;<p>Easy web interfacing with databases</p>;<p>Working with a large scale database across multiple species.</p>;1;1;1;0;4;2;5;3;4;5;5;;1;1;1;5;5;1;1;;5;1;5;4;1;4;5;;1;0;0;0;0;1;0;0;3;4;2018;1;1;0;1;0;1;0;1;1;1;1;0;0;Female;1;1;0;1;;0;0;0;1;0
80;80;80;"<p>Open science for me is being as transparent as possible about the scientific process, from conception of the study to completion. It involves communicating the results and methods in a standard format but more than that it also includes&nbsp;all resources and information required to repeat the analyses (e.g. data and code). To be truly open, resources should be provided in the most easily usable and clear way with appropriate documentation.</p>";3;3;3;2;3;3;6;3;2;2;;"<p>Knowledge of best practice. Sometimes also journal restrictions, I am not always clear when I can make resources freely available and still publish in a journal.&nbsp;</p>";"<p>Tools such as Zenodo and Github.&nbsp;</p>";<p>Interested to learn more about how to make my work more transparent.</p>;1;1;0;0;5;4;5;5;4;5;5;"<p>All science should be as open as possible and communicated as clearly as possible. On top of the above, we should always think about the audience we are communicating to.&nbsp;</p>";5;4;4;4;4;4;4;"<p>I&#39;m not sure I fully understood this question. Should it be &#39;how important are these to teach?&#39; or &#39;do we use them in teaching?&#39;. Ultimately, I teach statistics and think all of these topics are important to cover and mention (maybe papers less), but we don&#39;t use many open resources.&nbsp;</p>";;;;;;;;;1;0;0;0;0;1;0;0;4;3;2017;1;1;0;0;0;1;0;1;1;0;0;0;0;female;1;1;1;2;;0;0;0;1;0
75;75;75;"<p>transparent, publicly accessible and available, data sharing, networks.&nbsp;</p>";1;1;1;2;1;1;1;5;1;4;;<p>in the beginning of my PhD studies</p>;<p>-</p>;<p>learn about open science</p>;1;1;0;0;5;3;3;5;5;5;5;;1;1;3;4;4;1;1;;;;;;;;;;1;0;0;0;0;1;0;0;3;4;2018;0;1;1;0;0;1;0;1;0;1;1;1;0;female;1;1;1;2;;0;0;0;1;0
73;73;73;<p>Data (including metadata and provenance data) used and produced in a study is FAIR, so that it is 100 percent reproducible.</p>;4;2;3;4;4;3;3;3;2;4;;<p>It requires more work, but it is necessary</p>;<p>Established standards and deposition databases</p>;<p>I want to learn more about how biodiversity communities are working towards making their data FAIR</p>;1;1;1;0;5;4;5;5;5;5;5;;5;4;5;5;4;5;5;;5;5;5;5;5;5;5;;1;0;0;0;0;1;0;0;5;3;2008;1;1;0;1;0;0;1;1;0;0;0;0;1;Male;1;1;1;2;;0;0;0;1;0
29;29;29;<p>Open science is research and knowledge that is available to everyone, regardless of social or economic situation. Open science also includes access to data, where individual privacy, consent and security is paramount, transparency and replicability of methods and the use of data in these methods.</p>;1;3;3;5;5;3;1;5;1;1;;<p>NA</p>;<p>NA</p>;<p>Wanted to learn more about Living Norway and see how our organisation can contribute to its development.</p>;1;0;0;0;3;4;5;3;3;5;5;;;;;;;;;;;;;;;;;;0;1;0;0;0;1;0;0;4;3;2015;0;0;0;0;0;0;1;1;0;0;0;0;0;Male;1;1;1;1;;0;0;0;1;0
44;44;44;"<p><span style=""font-size:11px"">Open science is the movement to make scientific research, data and dissemination accessible to all levels of an inquiring society</span></p>";4;4;4;4;4;4;3;4;2;4;;<p>Little training and lack of incentives</p>;<p>My own motivation. And that in particular younger colleagues are eager to engage!</p>;<p>Organizer!</p>;1;1;1;0;5;5;4;5;4;5;5;;4;4;4;3;4;5;5;;5;5;4;5;4;5;5;;1;1;0;0;0;1;0;0;6;3;2006;0;1;0;1;1;1;0;1;1;1;1;1;0;Male;1;1;1;1;;0;0;0;1;0
33;33;33;<p>Translate the success of the open source/free software world, such as reproducibility, availability of the source to everybody and for whatever reason, in the scientific sector, and recognize that both as a winning collaborative strategy and a method to aiming at higher standards.</p>;4;5;4;5;5;3;4;4;6;3;;<p>Adopting common methodologies and think about openscience at the start and not at the end of a research project.</p>;<p>It is natural to me as I come from the opensource/free software world.</p>;<p>Defining the structure of the software platform for Living Noway.</p>;0;0;0;1;;;;;;;;;;;;;;;;;;;;;;;;;0;1;0;0;0;1;0;0;7;2;2015;0;0;0;0;0;0;1;0;0;0;0;0;1;Male;1;1;0;3;;0;0;0;1;0
9;9;9;<p>Open science is the creation of knowledge that is transparent, understandable and can be used by others to validate the results or to test new hypotheses and models</p>;3;3;3;1;2;3;6;5;6;2;;<p>Overall, no real incentive for anything else than publishing papers. Open data or outreach activities have no rewards at all: when it comes to building a CV, only academic publications (open or not, that is not really relevant).</p><p>Data sharing: complicated systems for standardized metadata</p><p>Outreach: lack of training and support from the university. Communications team want to follow their own strategy</p>;<p>Knowing that we do science for the people around us, not only for some obscure elite</p><p>Also, being able to contribute against the replicability crisis and knowing that it is the right thing to do despite the challenges</p>;<p>To learn how other people handle open science and to discover better routines for me and my colleagues</p>;1;0;0;0;5;5;5;5;5;5;5;<p>It is morally and logically the right thing to do. Research is in general paid by public money and is meant for everyone. Both scientists and non-scientists have the right to check our work, both for educating themselves and to judge the quality of the work</p>;;;;;;;;;;;;;;;;;1;0;0;0;0;1;0;0;7;4;2012;0;0;0;0;0;0;1;1;1;0;1;1;0;male;1;1;1;2;;0;0;0;1;0
86;86;86;"<p><span style=""font-size:11pt"">I would define Open science as a&nbsp;transparent, scientific activity where data, code repositories, results and publications are easily&nbsp;accessible to the scientific community and the general society in a well-documented and interoperable way, so that it&nbsp;can be easily implemented in concurrent and future research and development.</span></p>";3;2;2;5;3;3;3;5;2;3;;<p>Nothing particular</p>;"<p>A better understanding and development of&nbsp;new skills</p>";<p>I have been engaged in biodiversity data sharing and research Infrastructures in many years, and find the program very interesting</p>;1;0;0;0;5;5;5;5;4;5;5;;;;;;;;;;;;;;;;;;0;1;0;0;0;1;0;0;7;4;1995;0;0;0;0;0;1;0;0;0;1;1;1;0;Male;1;0;0;3;;0;0;0;1;0
15;15;15;"<p>Open Science is important for storaging and sharing scientific publications and data, and to make them as available&nbsp;as possible for everyone. Science needs to be verifiable and transparent.</p>";2;2;2;2;1;1;2;3;1;1;;"<p>I am a librarian, and thus have a slightly different perspective than researchers.&nbsp;</p>";<p>.</p>;"<p>At the NINA library we want to play some role in data management and in Open Science in NINA. This workshop looks like a good way to get more familiar with the field.&nbsp;</p>";1;0;0;0;1;1;1;1;1;1;1;"<p>Since I do not conduct research, none of these are applicable to MY RESEARCH.&nbsp;</p>";;;;;;;;;;;;;;;;;0;1;0;0;0;1;0;0;7;2;2007;0;0;0;0;0;0;1;0;0;0;0;0;1;male;1;1;0;3;;0;0;0;1;0
;;106;;;;;;;;;;;;;;;;;;;;;;;;;;;;;;;;;;;;;;;;;;;;;;;;;;;;;;;;;;;;;;;;;;;;;;;;;;;;;;
53;53;53;"<p>I think open science implies:&nbsp;</p><p>1. Transparency in data collection process (well-documented protocols) and analysis, i.e. transparency of&nbsp;the ecological&nbsp;evidence. This also includes, documentation and communication of uncertainty (and certainty).&nbsp;</p><p>2. Make data available for re-use. Adequate documentation.</p><p>3. Proper dataauthor recognition. I think that this is fundamental to achieve open science, that the intellectual rights behind data collection and curation are given due credit (it is not only the funders who have &#39;data rights&#39;). Data collection respond to research questions and there is professional know-how involved in data collection.</p>";2;1;2;2;1;2;1;3;3;3;;"<p>1. Not knowing really how to do so, with respect to data sets.&nbsp;</p><p>2. Time and resources to organize the data to be published.</p>";"<p>1. That there are open data databases.</p><p>2. Development of&nbsp;protocols for recognition of data authorship.&nbsp;</p><p>3. Data papers.</p>";"<p>I wish the data produced in the projects I am involved in to be published following the FAIR protocols.&nbsp;</p>";1;0;0;0;4;4;4;5;5;4;5;;;;;;;;;;;;;;;;;;0;1;0;0;0;1;1;1;5;3;1993;0;0;0;0;0;1;0;1;1;1;1;1;0;Female;1;0;1;2;;0;0;0;1;0
17;17;17;<ul><li>Publishing Open Access</li><li>Sharing published data and/or raw data in open repositories</li><li>Sharing code</li></ul><p>These are the most important parts of open science to me and my research. However, I am aware that under the umbrella also open peer-review processes, open research funding processes, sharing laboratory journals, methods etc is becoming more important, to make the research process more transparent.</p>;2;2;2;3;5;2;3;5;1;3;;<p>It is a slow transition to get other researchers in collaboration to choose OA journals over subscription journals, and to share datasets in open repositories. Also, time and funding is limited, so extra activity to do so is often not prioritized. Infrastructure is also limited or lacking, sharing data in e.g. NSD is useless if there is no standard metadata format and no requirement to follow protocols.</p>;<p>Knowing more about it through activities at the University libraries!</p>;<p>I need to know more to be able to do research support in this area. Also, working on my own ecology dataset at the moment, this is a good opportunity to do both.</p>;1;1;1;0;4;5;3;4;4;4;4;<p>I think all of the above is important both to allow me to do good research, but also important for me personally to take part in with my research. I am lucky to have access to all the literature I need, open or not, so OA published papers are not that important for me to be able to do my own research. It is however much more important for me to publish my own research openly, both to increase its impact and to be of benefit to researchers that are not this lucky to have University libraries with the coverage that we have in Norway.</p>;3;3;3;3;3;3;3;<p>Difficult to answer, because part of my teaching is to encourage other researchers and students to contribute to and use open research, so in that sense it is extremely important (or there would not be teaching...). But in the regular biology courses this is less important for the curriculum I have</p>;4;4;3;4;4;4;4;;1;0;0;0;0;1;0;0;4;3;2004;1;1;1;1;1;1;0;1;1;0;0;1;0;Female;1;1;1;2;;0;0;0;1;0
6;6;6;"<p>For my work, I try to explain the concept of open sciense to the researchers in my institute, because I&#39;m supposed to eshtablish a support service for the researchers to manage and open&nbsp;their data as part of the research process. Open sciense should not be restricted to only completely open data and publications, but rather understand it as transparency of the process and basing the possible restrictions to openness to equal (law based) rules. In ecology especially it is important to understrand that some information may not be completely openly available, but it can be still used&nbsp;&nbsp;for research if the researcher understands which parts of the data can&#39;t be shared publicly (in detail).&nbsp;</p>";4;1;3;3;1;2;3;4;2;3;I've mainly supported others to engage with these activities.;"<p>Unclear definitions (what research data consists of)</p><p>Unlear practices and lack of support with agreements</p><p>Poor knowledge of IPR and&nbsp;GBDR&nbsp;</p>";<p>Peer support and organisations own ICT department</p>;<p>A former colleague sent me the link</p>;0;1;1;0;;;;;;;;;5;2;4;3;4;3;5;;5;2;4;3;4;4;4;;0;1;0;0;0;0;1;0;7;4;2000;0;0;0;0;0;0;1;0;0;1;1;1;0;Femail;1;1;1;2;;0;0;0;1;0
99;99;99;<p>That research is openly accessible for people to asses the findings by providing the data, data handling and methods and analysis</p>;2;1;6;6;5;1;6;4;1;2;;<p>Lack of knowledge and framework to do so</p>;<p>The need for science to be more transparent also for the general public</p>;<p>Learning more about how to achieve open fair science</p>;1;0;0;0;3;2;4;3;2;3;3;;;;;;;;;;;;;;;;;;0;1;0;0;0;1;0;0;4;3;2018;0;0;0;1;0;0;0;1;1;0;0;0;0;Female;1;1;1;1;;0;0;0;1;0
59;59;59;"<p>I understand the concept as when all part of the scientific work is open and available to others, including data, scripts, methods procedures, results, presentations&nbsp;and published reports or papers. In my daily work this is not how things are today, but more people seem to go for at least parts of these aspects to be open and available. I am also aware that some consider the peer review prosess to be open, but this is something I have not experienced myself yet.</p>";2;2;2;3;3;2;2;3;1;3;;<p>The culture change is slow... we just to as we have always done.. In some cases the projects has also been controversal and some of the involved people do not want everything to be open.</p>;<p>Collegueas that push me</p>;<p>To learn more. I feel responsible to know more myself in order to help change the culture in my institution.</p>;1;0;0;0;4;4;4;4;4;3;4;;;;;;;;;;;;;;;;;;0;1;0;0;0;1;0;0;7;3;2008;0;0;0;0;0;1;0;1;0;1;1;1;0;female;1;0;0;1;;0;0;0;1;0
103;103;103;;;;;;;;;;;;;;;;;;;;;;;;;;;;;;;;;;;;;;;;;;;;;;;;;;;;;;;;;;;;;;;;;;;;;;;;;;;;;;
94;94;94;"<p>Open data, availability of data for all, independent of their affiliation etc.</p><p>Transparent methods</p><p>Results are open for all, irrespective of who paid for the research and what results were found</p><p>Results and their implications are presented in a way that is understandable for all, including non-scientists&nbsp;</p>";3;2;3;3;5;3;2;5;2;3;Collect and report data (e.g. species observation);<p>Time</p>;<p>Easier access to depositing data and code to be available for other (have to spend less time doing so)</p>;"<p>I am interested in question which requires large-scale data, and have experienced the challenges with access to such data.&nbsp;</p>";1;1;1;0;4;3;4;5;4;5;5;;4;1;1;4;4;1;1;;4;4;4;5;3;4;4;;1;0;0;0;0;1;1;0;5;3;2006;1;0;1;1;0;1;0;1;1;0;0;1;0;male;1;1;1;2;;0;0;0;1;0
62;62;62;"<p>For me, Open Science is 1) scientific data and results open for all the scientific community, without obligation to pay subscription fee for the journal of pay for particular scientific article (I am scientist/biologist in a poor country or country with low interest for science and ecology, whatever authorities would say) and (not mutually exclusive) 2) scientific data and results &quot;translated&quot; to common people, to overall community.</p>";6;6;6;3;6;2;3;5;3;2;;"<p>First, fees that should be payed for publishing in some Open Access journals. There are, however, other OA journals completely fee of charge, but they are often of low impact factor.&nbsp;</p><p>Second, I cannot put my data to be open access immediately &nbsp;after being collected&nbsp;because me and my students must use them for publishing scientific papers which will justify the funds we got from the funding source. However, many scientific journals, after accepting your paper, require original data of the study&nbsp;to be deposit in some of open access data bases.</p>";<p>When stared to think about climate change in my surroundings, it was difficult to get meteorological data because state agency asked to be payed for the data formation and export. Then, a US colleague found review paper with 50 authors where some were from my home country. They had to deposit in the journal data base a 50 years of meteorological data exactly from the locality we needed. So, thanks to that highly impacted open access peer reviewed journal, we found and used the data we needed so badly.</p>;"<p>As I mentioned, as a scientist from a country with low incomes in science, and even simple field work requires funding, I am more and more aware that must turn to use of accessible (free of charge) online ecological&nbsp;data bases.</p>";1;1;1;0;4;1;4;4;5;5;5;<p>I am not familiar with the code sharing so I skipped this answer.</p>;4;4;4;4;5;4;5;;4;5;5;5;5;4;5;;1;1;0;0;0;0;0;1;6;3;1997;1;1;0;1;0;0;0;1;0;1;1;1;0;female;0;1;1;2;;0;0;0;1;0
51;51;51;<p>Transparent research and sharing data</p>;2;1;2;2;2;3;3;4;1;3;;"<p>Time, sensitive data.&nbsp;</p>";<p>Dont know</p>;<p>would like to learn more about open science and its possibilities</p>;1;0;0;0;3;4;4;4;4;4;4;;;;;;;;;;;;;;;;;;0;1;0;0;0;1;0;0;5;3;2011;0;0;0;1;0;0;0;1;0;0;1;0;0;Woman;0;1;0;1;;0;0;0;1;0
26;26;26;"<p>I don&#39;t have a succinct or thought out definition of open science. In my mind, two core concepts are relevant, 1)&nbsp;that the science is open for access, also by non-professionals that don&#39;t have traditional access to papers through a research institutions subscription, and&nbsp;2) that the science is open to scrutiny, which in most cases requires access to data or mock data and a sufficiently detailed description of the analysis steps, which in most cases means analysis scripts. Both these aspects should&nbsp;theoretically be satisfied in &quot;traditional science&quot;, but often is not, or is unfeasible in practice. Open science seems to have a lot to do with easing these two types of &quot;access&quot;.</p><p>I&#39;m sure there are other facets to the term. Maybe this will clear up after the workshop.</p><p>&nbsp;</p>";2;2;2;3;5;2;6;6;1;2;"""Use open code"" is ambiguous. Open source software in general or analysis algorithms authored by researchers?    Don't know what open education tools are. I use open software every day. I prefer to use it whenever I can.    I have access to most journals through work, so I'm not aware of when I read open papers.";"<p>It requires extra work, setting up the data access and tidying up scripts and writing documentation.</p><p>Hard to push as a co-author. My effort is to do it as a lead author or lead analysist.</p><p>It&#39;s a phycological barrier to reveal all the messiness behind the curtains.&nbsp;</p><p>&nbsp;</p>";<p>Practice in coding and choosing to use open source software. Routinely using Git. Getting (more and more) into the habit of writing scripts so that they could be read by anyone. That one is important. Learning how to write R-packages.</p>;<p>I (think) I agree with the philosophy behind the theme, and would like to improve and streamline the process.</p>;1;0;0;0;4;4;4;4;3;3;4;"<p>The research is probably not reproduced exactly as it was first performed&nbsp;as often as you&#39;d think.</p><p>I&#39;ve worked on datasets that have been to large to share, or not possible to share due to rights issues. You could create perhaps smaller fake datasets that lets anyone run through the steps of the analysis, without reproducing it exactly.&nbsp;</p><p>Sometimes we also work in databases where it&#39;s not so easy to share data and code. Well, that&#39;s not true. I guess I&#39;m just not used to it. I guess you could in principle share a database dump and database scripts.</p><p>&nbsp;</p>";;;;;;;;;;;;;;;;;0;1;0;0;0;1;0;0;5;3;2011;0;0;0;1;0;0;0;1;1;1;0;0;0;Male;1;1;1;1;;0;0;0;1;0
34;34;34;<p>Science where the whole process: methods, analysis, data, and conclusions are publicly accessible without paywalls or other barriers</p>;3;3;3;3;3;2;2;3;2;2;;<p>If I use/handle data that I have not collected then there are restrictions on ny ability to disseminate the processed result</p>;<p>Institutional funds for open access publications</p><p>Development of frameworks to organise data and papers (such as OSF)</p>;<p>Am part of the organising committee</p>;1;0;1;0;4;5;5;5;4;5;5;;;;;;;;;;5;5;4;4;4;5;4;;0;1;0;0;0;1;0;0;5;3;2012;0;0;0;1;0;0;0;1;1;1;0;0;0;Male;1;1;1;1;;0;0;0;1;0
45;45;45;"<p>Sharing data and collaborating widely, being transparent in your methods and how you drew on the conclusions you present.&nbsp;</p>";1;3;3;4;5;3;4;4;4;2;;<p>Nothing so far, I have tried to be as open as possible in my scientific practice</p>;<p>Working with people who are collaborative and like minded.</p>;"<p>I think science should be open and transparent and I&#39;d like to see what other people have to say.</p>";0;0;0;1;;;;;;;;;;;;;;;;;;;;;;;;;0;0;1;0;0;0;1;0;7;3;2019;0;0;0;0;0;0;1;0;1;1;0;0;0;Female;1;0;0;2;;0;0;0;1;0
57;57;57;<p>Transparency about data collection and methods</p>;3;2;3;3;2;3;6;4;2;3;;"<p>Fellow scientists have been a bit spectical about the idea of &quot;giving away&quot; their data</p>";<p>Discussion With fellow scientists</p>;<p>Important topic</p>;1;1;1;0;3;3;3;3;3;4;4;;2;2;2;2;2;2;2;;3;3;3;3;3;3;3;;1;0;0;0;0;1;0;0;6;3;2003;1;1;0;1;1;1;0;1;1;1;1;1;0;female;1;1;1;2;;0;0;0;1;0
25;25;25;<p>Sharing og knowledge on platforms accessible to others without payment. Sharing of data freely accessible to others after studies are finalized.</p>;2;5;5;5;5;3;3;4;2;2;;<p>IT policies and systems are not open enough</p>;<p>collegues that are engaged in open science and the big community sharing code and data and knowledge</p>;"<p>More knowledge about how to&nbsp;be more open</p>";1;0;0;0;3;4;4;4;4;4;4;;;;;;;;;;;;;;;;;;0;1;0;0;0;1;0;0;5;4;2003;0;0;0;0;0;0;1;0;0;1;1;0;0;male;1;0;0;2;;0;0;0;1;0
3;3;3;<p>Open, immediate, royalty-free access to:</p><ul><li>Publications</li><li>Data</li><li>Source code</li></ul><p>open science != FAIR science</p>;5;4;3;5;5;3;4;5;1;2;;"<ul><li>patenting considerations</li><li>PI concerns</li><li>lack of collaboration in projects on open science</li></ul><p>&nbsp;</p>";<ul><li>open access publication funds</li><li>established data deposition databases and sharing culture</li></ul>;<p>Gaining insights in FAIR DM in ecological research in Norway</p>;1;1;0;0;5;5;4;5;3;5;4;;5;5;4;5;3;5;4;;;;;;;;;;1;0;0;0;1;1;0;0;7;3;2019;0;1;0;1;0;0;1;1;1;0;1;1;1;male;1;1;1;1;;0;0;0;1;0
49;49;49;<p>Open Science is about making your research (data, results and codes) are made available for the public. In this regard, it may also include publishing your finding in open journals and possibly also include open peer review.</p>;2;2;2;3;2;1;3;3;2;3;;<p>In the past years, there was little motivation to engage in Open Science. In recent times however, I see the need to do so.</p>;<p>The availability of open access to journals and code has made work easier.</p>;<p>I wanted to know much about open science and how much I can contribute to open science as a researcher.</p>;1;0;0;0;5;5;5;5;5;5;5;;;;;;;;;;;;;;;;;;1;0;0;0;0;1;0;0;3;4;2019;1;0;0;0;0;0;0;1;0;0;0;0;0;Male;0;1;0;3;;0;0;0;1;0
101;101;101;<p>Science where the methods and results are open to all, and where communication is open also from the public to the scientists.</p>;3;3;3;3;4;3;3;4;3;3;;<p>Lack of time. Work tasks and family life takes almost all available time.</p>;<p>Designated work time for the purpose</p>;<p>An interest in open science, feeling that this has never been more important</p>;1;0;1;0;5;4;5;4;5;5;5;;;;;;;;;;5;5;5;5;5;5;5;;0;1;0;0;1;1;0;0;5;3;2010;0;0;0;1;0;1;0;1;1;0;1;1;0;Male;1;0;0;2;;0;0;0;1;0
42;42;42;<p>To have free, available data and papers. I think this work should be easily accessible to anyone. Data should not be altered (eg to hide information) and instead published with the intent of it being used by other researchers.</p>;3;3;3;1;3;3;6;5;2;3;;"<p>My data is not mine but rather has been funded and collected by a country&rsquo;s regulatory agency. Otherwise I would freely make it available.</p>";<p>A lot of personal initiatives. From writing for blogs or magazines that I contact, and now am contacted by. Also my choice to learn GitHub to share code. According to new guidelines my papers are all open access, however I would have chosen to do this in any case.</p>;<p>I am interested in how data (and especially these new large datasets of multiple species) are being used and development. In addition I am interested in their limitations (eg with Citizen Science data).</p>;1;1;0;0;3;4;5;5;2;5;5;;4;5;5;1;2;5;5;;;;;;;;;;1;0;0;0;0;1;0;0;3;4;2021;1;1;0;0;0;1;0;1;0;0;0;1;0;Female;1;0;0;1;;0;0;0;1;0
8;8;8;<p>Science based on data and methods that are completely transparent and easily accessible to anybody.</p>;3;2;3;3;2;3;1;5;2;2;;<p>Lack of knowledge about how, and previously about why</p>;<p>Increased information about options for open science</p>;<p>Desire to learn more about the topic</p>;1;0;1;0;3;3;3;4;4;2;2;;;;;;;;;;1;2;2;4;3;1;1;;0;1;0;0;0;1;0;0;3;4;2015;0;0;1;1;0;0;0;1;0;0;0;0;0;M;1;1;0;1;;0;0;0;1;0
24;24;24;<p>I define open science as a transparent process of doing Research, where the data, Methods, analyses and results are made available for others to replicate the study or analyse the data further.</p>;3;3;3;2;3;3;3;5;3;3;;<p>Often the process of Publishing code and data openly is tedious, probably because of the repository I use needs to develop further.</p>;<p>The motivation</p><p>The facilities provided by University, for example by covering the costs of Publishing in open journals</p>;<p>I think it is important to educate in the practices we do in science, no just doing them. With this I mean that I prefer if an expert tells me how to do Things correctly rather than using many hours by myself in my Office trying to Discover how to do Things. Also, if I learn about open science, then I could teach colleagues or students about it.</p>;1;1;0;0;4;4;5;5;5;4;4;;2;2;2;2;2;2;2;;;;;;;;;;1;0;0;0;0;1;0;0;4;3;2020;0;1;0;0;0;0;0;1;0;0;0;0;0;Female;1;1;1;2;;0;0;0;1;0
32;32;32;<p>Scienctific publications and the data used (can be anonymised) should easily without costs be accessible through internet.</p>;2;2;2;2;2;3;3;4;3;3;;<p>Nothing actually but the understanding of what can be shared and not is not always easy to understand and therefore it is sometimes a bit problematic to publish total open as there might bbe constraints concerning the data used.</p>;<p>My nearest collegue/ neighbour office at work.</p>;"<p>It was offered and as I&#39;m engaged at work to be one of the persons that should have some more knowledge than others I think I need more input.</p>";1;0;1;0;5;5;5;5;5;5;5;;;;;;;;;;5;5;5;5;5;5;5;;0;1;0;0;0;1;0;0;5;3;2001;0;0;0;1;0;0;0;0;1;1;1;0;0;female;1;1;0;2;;0;0;0;1;0
27;27;27;"<p>Open Science is the vision of contributing to scientific knowledge by keeping the information accessible and open, including all the policies, standards, technical and practical solutions for sharing the information completely and easily.&nbsp;</p><p>Besides making available freely scientific articles and published content, good practices should allow getting&nbsp;access to the data used to reach scientific results, together with the tools used for analyzing data.</p><p>Data should be shared following the FAIR principles being Findable, Accessible, Interoperable and Reusable. It implies using standards for structuring and formatting data, standards for metadata, suitable web protocols, open source software and applications.</p><p>Reproducing research outcomes should be easy and all the tools and needed information provided.&nbsp;</p><p>Ideally, Open Science should also facilitate and promote increased participation in scientific activities from non experts, like in citizens science.</p>";5;5;3;4;5;2;5;4;1;2;;<p>Often data owners are still reluctant in sharing their information</p>;<p>My daily work. Getting involved in the community. reading about it. Finding Open Science information</p>;<p>Daily professional activity</p>;0;0;0;1;;;;;;;;;;;;;;;;;;;;;;;;;0;1;0;0;0;1;0;0;7;4;2008;0;0;0;0;0;1;0;0;0;0;0;0;1;Male;1;1;0;1;;0;0;0;1;0
104;104;104;;;;;;;;;;;;;;;;;;;;;;;;;;;;;;;;;;;;;;;;;;;;;;;;;;;;;;;;;;;;;;;;;;;;;;;;;;;;;;
87;87;87;"<p>Open Science is a science practice (i.e. a way of doing sciences) aimed at&nbsp;transparency, honesty, fairness and sharing. I&#39;d define it as a practice that:</p><p>1. extends the principles of openness and FAIR-ness to the whole scientific research cycle<br />2. has honesty, ethics, transparency, equality &amp;&nbsp;fairness at its core.<br />3. empowering researchers.<br />4. giving credit where its due<br />5. building effective collaborations.<br />6. improves science communication<br />7. provides value for money, particularly for public funds.</p>";3;5;3;4;5;3;3;5;3;3;I wish I published papers several times a week!;"<p>Funding and&nbsp;collaborators attitudes are the primary hinderances that I encounter that can be overcome (fairly straightforwardly). There are also issues sometimes with privacy, personal data and sensitive data that sometimes present barriers, but these are far more complex and nuanced to deal with.</p>";<p>Abundance of open source software, preprint servers, sci-hub (what a gem this is!), github, abundance of data repositories, support from colleagues.</p>;<p>I come from a world of open science in astrophysics and bioinformatics. I joined ecological science 18 months ago and there seems that Open Science is still developing in this field. I am keen to see Open Science spread further and faster into ecology and this seemed like an excellent conference to see what ecologists were doing in this area.</p>;1;0;1;0;5;5;5;5;5;5;5;;;;;;;;;;5;5;5;5;5;5;5;;0;1;0;0;0;0;0;1;5;3;2002;0;0;0;1;1;1;0;1;0;0;1;1;0;Male;1;1;0;2;;0;0;0;1;0
47;47;47;<p>Open data and code for reproducible research. Full transparency.</p>;3;3;3;3;2;3;4;4;1;2;;<p>Lack of education.</p>;<p>The desire to be transparent and discussions with peers on the importance of it.</p>;"<p>Interested in the global synthesis&nbsp;of standardised ecological data</p>";1;1;1;0;5;5;5;3;5;5;5;;5;5;5;5;5;5;5;<p>I have recently started a departmental coding club which is to fill in gaps of traditional statistics/coding modules which includes stressing the importance of reproducible research and open science.</p>;4;4;4;4;4;4;4;;1;0;0;0;0;0;0;1;3;4;2017;1;1;0;1;0;0;0;1;0;0;0;0;0;Male;1;1;1;2;;0;0;0;1;0
88;88;88;"<p>Open science is scientific practice that allows free and open access to the various aspects&nbsp;of&nbsp;scientific studies, ranging from data, to protocols, code and results.</p>";3;2;2;3;4;3;6;4;1;3;;<p>Opportunities, knowledge, time, competition</p>;<p>Easily accessible tools, information, open science movement</p>;"<p>Partnership in Living Norway, &quot;stepping up&quot; ecological science and applications&nbsp;</p>";1;1;1;0;4;3;4;3;3;5;4;;4;4;4;3;3;5;5;;4;4;4;3;3;5;5;;1;0;0;0;0;1;0;0;6;3;2003;1;1;0;1;1;1;0;1;1;1;1;1;0;Male;1;1;1;2;;0;0;0;1;0
56;56;56;"<p>This is the idea of making research findings available and easily accessible to all all. This may include making research data or personal notes that the owners make available to be reused or redistributed.</p><p>&nbsp;</p><p>&nbsp;</p>";2;3;3;3;4;3;4;5;3;3;;<p>There are no clearly defined expectations, boundaries and mechanisms by which researchers can engage. Also it is never clear what precisely open science requires of me as a data contributor. This often discourages my participation</p>;<p>I have been able to access other peoples data and found it very useful in my career development hence a great motivation to do likewise</p>;<p>Coming from a region where data is very scarce especially biological data, it has become increasingly frustrating to reach out to individuals who hold the bits and pieces of the little data is is available. In most cases, one would not even know that there is such data because they are held in personal achieves. So I am eager to learn more about open science and use it to get our available data in the open to encourage more research</p>;1;1;1;0;4;5;4;5;4;4;4;"<p>Two things from above are extremely important; the shared code given that in Africa and Uganda in particular, there are barely experts in Biostatistics and being able to get codes and softwares freely is our only way to learn them. Also the availability of free articles is instrumental in developing our scholarly capabilities both for the students and the teachers/researchers alike. This is because our institutions can barely afford to pay for access rights to most of the good materials.</p>";4;5;4;5;4;4;4;;4;5;4;5;4;4;4;;1;0;0;0;0;0;0;1;7;3;2016;1;1;1;1;0;1;1;1;0;1;0;1;0;Female;1;1;1;2;;0;0;0;1;0
22;22;22;<p>Open Science: Open analyses, data, etc.<br />In order to reproduce science.</p><p>Open Data: Open accessible, and applicable data,<br />in formats that comply with Darwin Core, or similar.</p>;4;3;3;2;4;3;2;5;1;3;;<p>N/A</p>;<p>Improved facilities, and technological solutions.</p>;<p>Work.</p>;1;0;1;0;4;4;3;4;4;5;5;;;;;;;;;;4;4;3;4;4;5;5;;1;0;0;0;0;1;0;0;4;3;2019;1;0;1;1;0;1;0;1;1;0;1;1;0;male;1;1;0;1;;0;0;0;1;0
11;11;11;<p>Open data, open access to methods, open access to source data, inclusion of stakeholders in planning and execution of research</p>;2;5;4;2;5;2;6;4;1;2;;<p>nothing</p>;<p>usage of open source tools (R, GRASS, ...)</p>;<p>Open Science in the Science Policy Interface</p>;1;0;0;0;5;5;5;5;4;4;5;;;;;;;;;;;;;;;;;;1;0;0;0;1;0;0;1;4;3;2003;0;0;0;0;0;1;0;1;0;1;1;0;0;male;1;1;1;2;;0;0;0;1;0
61;61;61;"<p>Open science is findable, accessible, interoperable and reusable (FAIR) science of the entire research process. At&nbsp;a minimum the data elements of the research in relation to published results must be FAIR to constitute open science.&nbsp;</p>";3;4;4;3;5;2;5;5;2;3;;"<p>Findable and Accessible data of specific interest. Lack of grassroots initiatives. Mainly trust, transparency and&nbsp;traceability of data. The latter is important if data collectors (&quot;owners&quot;) wish to know and follow how there data is being used.&nbsp;</p>";"<p>Dev tools and code sharing, e.g. Git.&nbsp; Software tools such as R markdown for documenting research for reusability.&nbsp;&nbsp;</p>";"<p>General interest in the state of the art of Open Science, and active engagement in development of novel decentralised data consortium for facilitating&nbsp;findable and accessible data.&nbsp;</p>";1;1;1;0;5;5;5;3;4;5;5;;4;5;5;3;4;5;5;;4;5;5;3;4;5;5;;0;1;0;0;0;1;0;0;5;3;2012;0;0;0;1;0;1;0;1;0;0;0;1;0;Male;1;0;0;2;;0;0;0;1;0
30;30;30;"<p>Science based on FAIR data. Results should be reproducible,&nbsp;and the code for methods should be published on Github or similar. Ideally in a jupyter notebook or docker image form, so it&#39;s possible to run it without any problems. Should be published in an open access journal.</p>";5;5;5;2;5;2;2;4;1;3;;<p>Nothing</p>;<p>FAIR data course, github, TDWG, GBIF, open access journals</p>;"<p>Interested in the developments of Living Norway, and I&#39;m part of the project</p>";0;0;0;1;;;;;;;;;;;;;;;;;;;;;;;;;1;0;0;0;0;1;0;0;7;4;2014;0;0;0;0;1;1;0;0;0;0;0;0;1;female;1;1;1;2;;0;0;0;1;0
105;105;105;;;;;;;;;;;;;;;;;;;;;;;;;;;;;;;;;;;;;;;;;;;;;;;;;;;;;;;;;;;;;;;;;;;;;;;;;;;;;;
19;19;19;<p>The sharing of scientific theory, data and results such that it can be accessed by anyone, and properly credited to those responsible for its creation.</p>;3;3;3;4;5;3;5;5;3;5;;<p>Early stage of my career, limited opportunities for publishing of data and manuscripts.</p>;<p>Encouragement of supervisors and colleagues, intuitive open source tools.</p>;<p>Networking opportunities and the chance to learn more about an issue that Norway thankfully seems to take very seriously.</p>;1;0;0;0;4;4;4;4;4;4;4;;;;;;;;;;;;;;;;;;1;0;0;0;0;1;0;0;3;4;2016;1;1;0;0;0;1;0;1;0;0;0;1;0;Male;1;1;1;3;;0;0;0;1;0
18;18;18;<p>Open science means open access to scientific publications and open sharing of data and code for analysis for scientific publications</p>;1;3;3;2;1;1;5;5;1;5;;<p>Lack of funding to pay for fees in open access journals. Fear of data being used to show that my work is wrong and flawed</p>;<p>Ability to examine how different scientists have conducted experiments and their data. Doing meta-analyses to look for broader ecological patterns/trends</p>;<p>To learn more about open science, learn about best practices, and network with others who are interested in open science</p>;1;1;1;0;3;3;4;5;5;5;5;;4;4;4;5;5;5;5;;4;4;5;5;5;5;5;;1;0;0;0;0;0;0;1;6;3;2019;1;0;0;0;0;0;0;1;1;1;0;0;0;Female;1;1;0;2;;0;0;0;1;0
68;68;68;"<p>I define open science as a transparent, shareable and accessible science. I can&#39;t currently write how it pertains to my work as I am unemployed but&nbsp;when I was studying at the university I know that we as students had struggles with getting adequate literature for our seminars and presentations due to expensive research papers. At first that appeared normal but as I gave it more thought I realized&nbsp;how restrictive this is for people who want to do proper research with the available literature stuck behind a paywall. When I&nbsp;hear words &quot;open science&quot; I immediately imagine a platform which&nbsp;has data that comprises not just of published data but data currently being used for the research. That way&nbsp;ideas, notes and methodology can be shared through&nbsp;the platform&nbsp;and also get a feedback from other researchers therefore reducing the&nbsp;probability of errors and research misconduct. Also the available data for&nbsp;a relevant research could constantly be reused for other research&nbsp;and increase reproducibility overall.</p>";2;6;2;4;4;2;5;5;1;2;;"<p>I can&#39;t speak from the experience but I would say fear of data being stolen or misused and no acknowledgement for the particular research.</p>";<p>I would say the transparency of the research. Knowing that research is publicly available at all stages and subject to opinions with as much as constructive feedback possible. Being able to share the data and reuse the data. And since I am interested in spatial ecology and species distribution models, being able to use the code suitable for my research from open science platform which means more efficiency and faster execution of related tasks. Consequentally all of the aforementioned speeds up the process of research-based decision making on nature management and biodiversity which is what a nature researcher should strive for.</p>;"<p>I am interested in how can open science be easily implemented in the researcher&#39;s life without being concerned about possible liabilities that comes with the research&nbsp;and also how to integrate data in research&nbsp;from open science sources.</p>";1;0;0;0;4;4;4;4;4;4;4;;;;;;;;;;;;;;;;;;0;0;0;0;1;1;0;0;7;4;2017;0;0;0;0;0;0;1;0;0;0;0;0;1;Male;1;1;1;1;;0;0;0;1;0
98;98;98;"<p><span style=""font-size:12.0pt"">Open Science can be broadly summarized as aiming to promote integrity, repeatability, and transparency across all aspects of scientific research including: <em>open access</em> to publications, <em>open data</em> underlying research, <em>open source</em> code and data processing, and increasingly the broader concept of <em>open reproducible research.&nbsp;</em>These practices in addition to the FAIR principles (Findable, Accessible, Interoperable, Reproducible), are fundamental in my role trying to link primary research to evidence synthesis and large scale modelling efforts - as the availability of open scientific data is critical. Furthermore, as an early career researcher these practices are important to be aware of as&nbsp;Open Science principles are becoming more prevelent within the&nbsp;scientific community, impacting everything from scientific publication via funding agencies to institutional and national research policies.&nbsp;</span></p>";3;3;3;4;5;3;4;4;6;3;;"<p>As an early career researcher, your ability to publish open access is limited by your lab group funding and priorities. With many projects, funding was applied for prior to the mass movement towards Open Science, and thus in-built funding for publishing Open Access may not always be possible. This is also entangled with managing publication priorities from co-authors, i.e. open access vs the percieved impact of a journal.</p><p>Also linked to research group culture - is the existing use of Open Source software, i.e. R, for analysis, allowing for the publication of Open Source Code. In some prior workplaces, propriatary software was prioritized, and thus scope for this is limited. On a data basis, one of the biggest hurdles is the sense of &#39;ownership&#39; of data, particularly for large scale, labour intensive, or long-term datasets. In academia the &#39;publish or perish&#39; culture, has led to fears of &#39;scooping&#39;, meaning many projects may be unwilling to share data until they feel they have had the opportunity to fully utilize it, or worry about authorship rights later on.</p>";"<p>Engaging with discussion groups and organizations focused on Open Science principles has enable me to have a broader appreciation for the complexity of the issue. With many multi-author, multi-national collaborations underway, a great appreciation for Open Science principles in general has become clear. Furthermore, working in different research groups, where emphasis on open coding, and data availability is more strong has made seeing pathways for engaging in FAIR practices less overwelming, as basic infrastructure and processes are already in place.&nbsp;</p>";"<p>I have previously attended the Evidence Synthesis Hackathon, organized by Neal Haddaway and Martin Westgate - this was an enlightening experience where efforts focused around a) developing new open source coding solutions to evidence synthesis issues (and thus the availability of data), and b) discussions on how we need Open Science to engage and link primary researchers with evidence synthesists. These skills and discussions, in addition with my position, linking field research (often via primary literature or contributes to trait databases) into land surface modelling, makes Open Science discusssions incredible relevant - the fact this is also located in Norway, and talks about local iniatives as well, is pertinent for me, being based here currently. Furthermore, I am keenly interesting in higher education, and I see opportunities for Open Science principles to be taught more widely during this education phase, ensuring early career researchers are equipped with the skills and competences they need to succeed in the future.&nbsp;</p>";1;1;0;0;5;5;4;4;4;4;4;;4;4;5;3;4;5;5;;;;;;;;;;1;0;0;0;0;1;0;0;4;3;2019;1;1;1;0;0;0;0;1;1;1;0;0;0;Female;1;1;1;2;;0;0;0;1;0
48;48;48;"<p>I would define Open Science as science in which all stages are transparent. I.e. the data itself is openly accessible to anyone, the methods used for analysing/interpreting the data are described/published in a way that makes them reproducible, and results are published as &quot;Open Access&quot; (or in other was that makes them accessible to anyone)</p>";3;3;3;5;5;3;6;4;1;3;;<p>I have yet to be directly hindered. Potentially by time limitation</p>;<p>My institution encourages publishing in Open Access journals by covering publication fees</p>;<p>A general interest in Open Science, future career paths, relevance to current research</p>;1;0;0;0;5;4;5;5;5;5;5;;;;;;;;;;;;;;;;;;1;0;0;0;0;1;0;0;3;4;2016;0;1;0;1;0;1;0;1;0;0;0;1;0;Female;1;1;0;1;;0;0;0;1;0
64;64;64;"<p>I would define Open Science, in the immediate sense,&nbsp;as a way of conducting research in a manner that is transparent (i.e. showcasing/sharing how you are doing your research), however this should extend past just sharing your research and it should also include creating and cultivating a research environment that is open and inclusive to all. Within my work the aspect of reproducibility (particularly code-sharing) is something that I place particular&nbsp;value on&nbsp;</p>";3;5;4;4;5;1;3;5;1;2;;"<p>Awareness of the concept/spaces/platforms&nbsp;that are available and facilitate cultivating an &#39;open&#39;&nbsp;research workflow. In addition to this collaborating with colleagues that are &#39;hesitant&#39; to engage with some of the platforms available sometimes disrupts the intended workflow.</p>";"<p>Being involved in a course that implemented (and showcased) various elements of a &#39;Open Science&#39; workflow, this helped foster an understanding and appreciation of Open Science. In addition, working in a lab that has an active Open Science policy means that it is expected (and facilitated) that my work be conducted in a manner that aligns with FAIR and Open Science principles</p>";<p>Although I am enthusiastic about Open Science I feel like there are elements/tools that I am not yet familiar with and believe that this workshop will help highlight/showcase some new approaches to OS both as a learning tool but also as a potential teaching tool in the future.</p>;1;0;0;0;4;5;5;4;4;4;5;"<p>If I could I would have put everything under &#39;Extremely important&#39; but there are some things I value a&nbsp;<em>bit</em>&nbsp;more than others ;-)</p>";;;;;;;;;;;;;;;;;1;0;0;0;0;0;0;1;3;4;2020;1;0;0;0;0;0;1;1;0;0;0;0;0;non-binary;1;0;1;2;;0;0;0;1;0
89;89;89;"<p>Open science to me means that all aspects of the scientific process are accessible to everyone. This means that results should be published open access, but also that asking research questions, collecting data, and the analyses should be open for the public. Citizen Science (in it&#39;s broadest form) is an example of open science, as are several research programs from large funders where funding becomes available for research questions posed by the general public.&nbsp;</p>";3;3;3;3;4;3;3;5;3;4;;<p>Initially it was a lack of knowledge on how and where I could share code and data. Now I have found good work flows for making my data and code available through GitHub and archiving through Zenodo which works really well.</p>;<p>The growing movement of researchers making tools available for making my science open.</p>;<p>The fact that I work using open data and citizen science in Sweden and Norway and it is important to be up to date on the developments in both countries.</p>;1;1;1;0;4;5;5;5;5;5;5;;4;5;5;5;5;5;5;;4;5;5;5;5;5;5;;1;0;0;0;0;0;1;0;5;3;2016;1;1;1;1;0;1;0;1;1;0;0;1;0;Male;1;0;0;2;;0;0;0;1;0
65;65;65;"<p>Open science is the ideal of free and accessible availability for everyone&nbsp;to all conponents of the scientific cycle. Open science entails open education, open research protocols, open methodologies, open data, open code, open data management and analysis, open research publication opportunities, open research readership opportunities (&quot;open access&quot;), open data syntehsis, open science-policy interface, and an open research&nbsp;funding and open science system, science policy and science management.</p><p>Open science does *not* compromise qualiy control, on contratry, it enables quality control and oversigth over the fulfillment of research ethical and other standards.&nbsp;&nbsp;</p><p>&nbsp;</p><p>Open publicaiton does not mean that everyone has the *right* to publish, but that if the quality is there, everyone *can*, irrespective of means and institutional affiliation.</p><p>We are very far from &#39;open&#39; in today&#39;s scientific community and science-policy interface, as&nbsp;some aspects of &#39;open&#39; (e.g., open access to read) may compromise others (e.g., open publication oppotunities for everyone).&nbsp;&nbsp;</p>";3;5;3;3;4;3;3;4;2;5;;<ul><li>time!</li><li>mostly, that, actually...</li><li>funding (for open access publiaction of non-project funded results)</li><li>available, convenient, impactful (enough) platforms for effectively sharing data and other open science products (protocols, etc)</li><li>most of the research I read/use is paywalled (so open access is of limted usage, so far)</li><li>concerns over fairness and accessibility (publishing your research, if of sufficient quality, should be an opportunity for all, not just the well off)</li><li>concerns over predatory publishing (publishing should *not* be something you can just pay your way into - I worry that predatory journals will / are consideralby harming the integrity of science</li></ul>;"<ul><li>availability of new open tools and pipelines</li><li>colleagues who have advocated and made available&nbsp;open methods, code, data, protocols</li><li>realization that being &#39;open&#39; benefits me (as well as the world)</li></ul>";"<ul><li>learing more about open practices in aplied ecology</li><li>opportunitites to help foster healthy open science in&nbsp; ecology in Norway</li><li>opportunities to help make research data and results available to nature conservation and management&nbsp;</li></ul>";1;1;1;0;4;5;5;2;5;5;5;;4;3;5;2;5;5;5;;5;5;5;2;5;5;5;;1;0;0;0;0;1;0;0;6;3;2002;1;1;1;1;1;0;0;1;1;1;1;1;0;female;1;1;1;1;;0;0;0;1;0
54;54;54;"<p>transparency and&nbsp;reproducibility of research methods, adaptability of research methods and data for different purposes, access to knowledge and scientific processes.&nbsp;</p>";2;3;3;3;5;3;5;5;1;3;;"<p>Feeling inadequate in terms of coding ability - and being inadequate in coding ability (e.g. not knowing how to use github, and many of the resources I found to learn were written by geeks and not so intelligible, similarly it taking a few attempts before I could successfully build an R package). Also cost - for open access publishing. But mostly time - time to learn how to do things, learn about new databases, the extra time it takes to write metadata and document code properly.&nbsp;</p>";<p>Online resources that are well written for relative beginners. User friendly platforms (e.g. OSF) that allow integration of multiple people from multiple institutions, and multiple types of files.</p>;<p>I think I was coerced by my supervisor... and the opportunity to learn new tools and techniques in-person.</p>;1;0;0;0;5;5;4;5;5;5;5;"<p>I mostly work on trade-offs in environmental spheres, so this means potential conflict arenas. I need lots of data from different sources, many different modelling techniques, and I need my methods to be transparent and reproducible, to give validity to my modelling.&nbsp;</p>";;;;;;;;;;;;;;;;;0;1;0;0;0;1;0;0;4;3;2015;0;0;0;1;0;0;0;1;1;0;0;0;0;Female;1;1;1;1;;0;0;0;1;0
77;77;77;<p>Data, analyses and publication are FAIR, and not behind any paywall or mandatory login. As a result, research is replicable for anyone.</p>;5;4;3;3;5;3;3;5;3;4;Promote open licenses;<p>Third party code, which will be opened but is under review by that third party</p>;<p>Intrinsic motivation, contractual agreements</p>;"<p>I&#39;m part of the organization. And FAIR is the way forward</p>";1;0;0;0;5;5;5;5;4;5;5;;;;;;;;;;;;;;;;;;1;0;1;0;0;1;0;0;3;4;2012;1;0;0;0;0;1;0;1;1;0;0;1;0;Male;1;1;1;1;;0;0;0;1;0
